City,Address,State,Zip,Latitude,Longitude
14 Districts,"736 Hanover Place Carmel, IN",Carmel,IN,39.9696278,-86.1280158
Agave Bar & Grill,"31 E Main St Carmel, IN",Carmel,IN,39.9782844,-86.1261972
Al Azhar Foundation,"815 W Carmel Dr Carmel, IN",Carmel,IN,39.96974821296638,-86.14913331343543
Al Hikmah Islamic Center,"1800 W 57th St Indianapolis, IN",Indianapolis,IN,39.85766745,-86.19332858044831
Al Salam Foundation,"9551 Valparaiso Ct Indianapolis, IN",Indianapolis,IN,39.925617249814145,-86.226330842084
ALDI,"14620 Greyhound Plaza Carmel, IN ",Carmel,IN ,40.0010897,-86.1289742
ALDI,"10584 Workout Way Carmel, IN ",Carmel,IN ,39.940015,-86.2389667
Alexandria of Carmel Apartments,"1411 Fairfax Manor Dr Carmel, IN",Carmel,IN,39.97666026530612,-86.15372295918367
Anthonys Chophouse,"201 W Main St Carmel, IN",Carmel,IN,39.97771035555556,-86.16277704444444
Anytime Fitness,"110 W Main St #170 Carmel, IN",Carmel,IN,39.978501,-86.1293201
Ascension St. Vincent Hospital,"1185 W Carmel Dr Carmel , IN ",Carmel ,IN ,39.9694177,-86.1510488
ATI Physical Therapy,"4765 126th St Carmel, IN",Carmel,IN,39.971066075,-86.0901540875
Avant Apartments,"12890 Old Meridian St Carmel, IN",Carmel,IN,39.975953976796205,-86.14786185460348
Bakes of Carmel,"11739 Harvard Ln Carmel, IN",Carmel,IN,39.959455068095664,-86.14336156321183
Bazbeaux Pizza,"111 W Main St Carmel, IN",Carmel,IN,39.9782262,-86.1296424
Berkshire Hathaway,"3801 E 82nd St Indianapolis, IN",Indianapolis,IN,39.908269149999995,-86.1025931
Bethlehem Lutheran Church,"1484 W Main St Carmel, IN",Carmel,IN,39.978554599999995,-86.16036977340131
Boardwalk shops,"718 Adams St Carmel, IN",Carmel,IN,39.96808456227505,-86.1432969964009
Bridgewater Healthcare Center,"14751 Carey Rd Carmel, IN",Carmel,IN,40.0031041,-86.10692112535529
Brookshire Golf Club,"12120 Brookshire Pkwy Carmel, IN",Carmel,IN,39.9639369,-86.09665005818675
Brookshire Village Shoppes,"4721 E 126th St Carmel, IN",Carmel,IN,39.9700009,-86.0909954
BRU Burger Bar,"12901 Old Meridian St Carmel , IN",Carmel ,IN,39.9762034,-86.1466639
Brunchies,"13732 N Meridian St Carmel , IN",Carmel ,IN,39.9872933,-86.138162
Cafe Patachou,"5790 E Main St Carmel, IN",Carmel,IN,39.97853822222222,-86.07104485185185
Cafe Patachou Clay Terrace,"14390 Clay Terrace Blvd Carmel , IN",Carmel ,IN,39.9991019,-86.1294019
Caffé Buondí,"11529 Spring Mill Rd Carmel , IN",Carmel ,IN,39.95511951502229,-86.16483156082741
Caliente Mexican Restaurant,"1400 S Guilford Rd Carmel, IN",Carmel,IN,39.963058654232036,-86.1413469331142
Carmel Christian Church,"463 E Main St Carmel, IN",Carmel,IN,39.9778378,-86.1208896
Carmel Clay Public Library,"12770 Horseferry Rd Carmel, IN",Carmel,IN,39.97297305,-86.1955797
Carmel Friends Church,"651 W Main St Carmel, IN",Carmel,IN,39.9781753877551,-86.13500246938776
Carmel High School,"520 E Main St Carmel, IN",Carmel,IN,39.9804313,-86.119441
Carmel Marketplace,"502 E Carmel Dr Carmel, IN",Carmel,IN,39.9635219,-86.11758934215122
Carmel Old Town Antique Mall,"1005 3rd Ave SW Carmel, IN",Carmel,IN,39.966410691275165,-86.13104174496644
Carmel Total Fitness,"820 City Center Dr Carmel, IN",Carmel,IN,39.96792743995108,-86.14039523062297
Carpenter Realtors Broad Ripple,"6101 N College Ave Indianapolis, IN",Indianapolis,IN,39.8658245,-86.14557891747367
Carpenter Realtors Carmel,"790 City Center Dr Carmel, IN",Carmel,IN,39.96792874626162,-86.14021835617599
CCA Gallery,"111 W Main St #135 Carmel, IN",Carmel,IN,39.9782262,-86.1296424
Central Dog Park,"1427 E 116th St Carmel, IN",Carmel,IN,39.95648012244898,-86.13197820408163
Central Park,"1235 Central Park Dr E Carmel, IN",Carmel,IN,39.95038493928241,-86.13620803021723
Century 21 Scheetz,"270 E Carmel Dr Carmel, IN",Carmel,IN,39.96157059232227,-86.12385212503622
Charleston's Restaurant,"14636 Greyhound Plaza Carmel, IN",Carmel,IN,40.00133605,-86.12801345759544
Christ Community Church,"4770 E Main St Carmel, IN",Carmel,IN,39.9792311,-86.0900572
Circle Real Estate,"30 W Main St Carmel, IN",Carmel,IN,39.97864665,-86.12790719127517
Classic Cakes,"1752 E 116th St Carmel, IN",Carmel,IN,39.9576402,-86.1251148
Community Health Pavilion Carmel,"11911 N Meridian St Carmel , IN ",Carmel ,IN ,39.96148450028509,-86.15804338754656
Cooper's Hawk Winery & Restaurant,"3815 E 96th St Indianapolis, IN",Indianapolis,IN,39.926361150000005,-86.10163653625426
Coxhall Gardens,"11677 Towne Rd Carmel, IN",Carmel,IN,39.9585481,-86.19778191809522
Crooked Stick Golf Club,"1964 Burning Tree Ln Carmel, IN",Carmel,IN,39.9485129,-86.19378008493752
Divvy,"71 City Center Dr Carmel, IN",Carmel,IN,39.9703757,-86.1283335
Drees Homes Albany Village,"14399 Kelso Court Carmel, IN",Carmel,IN,39.9969474,-86.2189451
Dry Goods,"14405 Clay Terrace Blvd Carmel, IN",Carmel,IN,39.9975709,-86.1294247
Eggshell Bistro,"51 City Center Dr Carmel , IN",Carmel ,IN,39.97059302040817,-86.12779826530613
Encore Sothebys International Realty,"12710 Meeting House Rd #100 Carmel, IN",Carmel,IN,39.97172945,-86.1970801
Fat Dan's Chicago-Style Deli - Carmel,"840 W Main St Carmel, IN",Carmel,IN,39.9786293,-86.1423987
FC Tucker Real estate,"9277 N Meridian St Indianapolis, IN",Indianapolis,IN,39.9230719,-86.1573639
Flowing Well Park,"5100 E 116th St Carmel, IN",Carmel,IN,39.9567572,-86.08397839999999
Fork and Ale House,"350 Veterans Wy #150 Carmel, IN",Carmel,IN,39.9757552,-86.1289362
Foster Estates Clubhouse,"3131 Maralice Dr Carmel, IN",Carmel,IN,39.99405561605191,-86.11106023480522
Franciscan Health Outpatient,"12188-B N Meridian St Carmel, IN",Carmel,IN,39.967993,-86.1588008
Fresh Thyme Market,"14727 Fresh Thyme Market Dr Carmel, IN",Carmel,IN,40.0019454,-86.10672657404928
Garden Table,"350 Monon Blvd Carmel, IN",Carmel,IN,39.9756136,-86.1300964
Genesis Church,"13200 Old Meridian St Carmel, IN",Carmel,IN,39.97941820249776,-86.14466033775085
Get Right Physical Therapy,"820 City Center Dr Carmel, IN",Carmel,IN,39.96792743995108,-86.14039523062297
Gramercy West  David Weekley Homes,"998 Kinzer Ave Carmel, IN",Carmel,IN,39.972111,-86.118525
Grille 39,"11925 N Meridian St Carmel, IN ",Carmel,IN ,39.9647144,-86.1565657171498
Handels Homeade Ice Cream,"2466 E 146th St Carmel, IN",Carmel,IN,40.0000160890411,-86.11837480821917
Harrison Park,"1803-1817 Broughton St Carmel, IN",Carmel,IN,39.975364148062056,-86.19089246313077
Harry & Izzy's,"4050 E 82nd St Indianapolis, IN",Indianapolis,IN,39.9083695,-86.0956697
Holy Trinity Greek Orthodox Cathedral,"3500 W 106th St Carmel, IN",Carmel,IN,39.9420091,-86.22017655986667
Hoosier - REALTORS,"6225 S Franklin Rd Indianapolis, IN",Indianapolis,IN,39.6776837,-86.01810231262975
Indiana Spine Group,"13225 N Meridian St Carmel, IN",Carmel,IN,39.98077011814873,-86.15431656429806
Indy Roasters,"220 E Main St Carmel, IN",Carmel,IN,39.97863855,-86.12399696163865
Indy's Home Team,"11555 N Meridian St Carmel, IN",Carmel,IN,39.955500612804876,-86.15803250914634
Ironworks Hotel Indy,"2721 E 86th St Indianapolis, IN",Indianapolis,IN,39.912303597315436,-86.11707527516779
IU Health North Rehab Services,"11700 N Meridian St Carmel, IN",Carmel,IN,39.95903765,-86.16027634858844
Juniper on Main,"110 E Main St Carmel, IN",Carmel,IN,39.978482869908675,-86.12551171377251
Just Love Coffee Café,"12525 Old Meridian St Carmel, IN",Carmel,IN,39.9721924,-86.1509595
Kizuki Ramen & Izakaya,"2450 E 146th St Carmel, IN",Carmel,IN,40.00001532191781,-86.11852538356165
Kona Grill,"14395 Clay Terrace Blvd Carmel, IN",Carmel,IN,39.9968413,-86.1292057
Kuaba Gallery,"404 W Main St Carmel, IN",Carmel,IN,39.97783582506161,-86.16495508585275
Kurr Med Spa,"222 W Main St Carmel, IN",Carmel,IN,39.9784918,-86.1303358
LA Fitness,"10574 Workout Way Carmel, IN",Carmel,IN,39.939150999999995,-86.23875861516971
Le Macaron French Pastries,"14550 Clay Terrace Blvd #115 Carmel, IN",Carmel,IN,39.9985997,-86.1303517
Le Petit Gateau,"525 N End Dr Carmel, IN",Carmel,IN,39.9860613,-86.13672318461539
Lenape Trace Park,"9602 Westfield Blvd Carmel, IN",Carmel,IN,39.92768,-86.127822
Living Truth Church Carmel,"530 W Carmel Dr Carmel, IN",Carmel,IN,39.9631231,-86.136212
Magdalena Gallery of Arts,"27 E Main St #100 Carmel, IN",Carmel,IN,39.978311591836736,-86.12664381632652
Mark Dietel Realty,"6425 S East St Indianapolis, IN ",Indianapolis,IN ,39.67286145808953,-86.14942540242582
Market District,"11505 Illinois St Carmel, IN",Carmel,IN,39.9643917,-86.1607376
Mary Johnston Studio,"27 E Main St #300 Carmel, IN",Carmel,IN,39.978311591836736,-86.12664381632652
Marys Mountain Cookies,"110 W Main St Carmel, IN",Carmel,IN,39.978501,-86.1293201
Matt the Millers,"11 City Center Dr Carmel, IN",Carmel,IN,39.97059220408163,-86.12728765306123
MCL Cafeteria,"1390 Keystone Way Carmel, IN",Carmel,IN,39.9587765,-86.11491815
Meijer,"1424 W Carmel Dr Carmel, IN",Carmel,IN,39.97343395,-86.15486936613308
Mercy Road Church,"2381 Pointe Pkwy Carmel, IN",Carmel,IN,39.955171699999994,-86.11483636062738
Mezz 42,"881 3rd Ave SW Carmel, IN",Carmel,IN,39.96805839116831,-86.13103
Midtown Plaza Carmel,"365 Monon Blvd Carmel, IN",Carmel,IN,39.9739786,-86.1298241
Monon Center,"1195 Central Park Dr W Carmel, IN",Carmel,IN,39.9497699,-86.1391843
Monon Community Center,"1195 Central Park Dr W Carmel, IN",Carmel,IN,39.9497699,-86.1391843
MOTW Coffee and Pastries,"12761 Old Meridian St Carmel, IN",Carmel,IN,39.9736685,-86.1491729
Muse Carmel,"1685 E 116th St Carmel, IN",Carmel,IN,39.95651189473684,-86.12706421052631
Needler's Fresh Market,"4755 126th St Carmel, IN",Carmel,IN,39.9700264,-86.0903766
Niemann Harvest Market,"2140 E 116th St Carmel, IN ",Carmel,IN ,39.9567317989418,-86.11993671957673
North End Apartments,"525 N End Dr Carmel, IN",Carmel,IN,39.9860613,-86.13672318461539
One 2 One Physical Therapy,"1077 3rd Ave SW Carmel, IN",Carmel,IN,39.9663287852349,-86.13104295302013
OrthoIndy ,"805 W Carmel Dr Carmel , IN ",Carmel ,IN ,39.96967596987078,-86.14872127282464
Our Lady of Mount Carmel,"14598 Oak Ridge Rd Carmel, IN",Carmel,IN,39.999655,-86.145934
Palladium at the Center for Performing Arts,"1 Carter Green Carmel, IN",Carmel,IN,39.969486,-86.131009
Patanjali Yoga 21 Studio,"20 Executive Dr Carmel, IN",Carmel,IN,39.9636711,-86.1255859
Peace Water Winery,"37 W Main St Carmel, IN",Carmel,IN,39.9782854,-86.128
Plum Creek Golf Club,"12401 Lynnwood Blvd Carmel, IN",Carmel,IN,39.96842475,-86.06160073573554
Prairie View Golf Club,"7000 Longest Dr Carmel, IN",Carmel,IN,39.97622435,-86.04033021002714
Prime 47,"14300 Clay Terrace Blvd Carmel, IN",Carmel,IN,39.9958175,-86.1296942
Pure Barre,"726 Adams St Carmel, IN",Carmel,IN,39.968088431126354,-86.14335889802175
Rad's,"4733 126th St Carmel, IN",Carmel,IN,39.9700158,-86.0907805
RE/MAX Advanced Realty,"8313 W 10th St Indianapolis, IN",Indianapolis,IN,39.77888220134228,-86.30648425503355
Reforming Indy Pilates Studio,"12505 Old Meridian St Carmel, IN",Carmel,IN,39.9716189,-86.1514331
Ristorante Roma,"89 Veterans Wy Carmel, IN",Carmel,IN,39.9776584,-86.1282116
Rosies Place,"1111 W Main St Carmel, IN",Carmel,IN,39.9778997,-86.1463448
Ruths Chris Steak House,"2727 E 86th St Indianapolis, IN",Indianapolis,IN,39.9114465,-86.11621653296956
Serenade,"1476 Sempre Wy Westfield, IN",Westfield,IN,40.0149639,-86.1847316
Shelly Walters Realty Group,"350 Veterans Wy Carmel, IN",Carmel,IN,39.9757552,-86.1289362
Sprinkle park,"473 3rd Ave SW Carmel, IN",Carmel,IN,39.97278280446932,-86.13110458907134
St Christopher's Episcopal Church,"1402 W Main St Carmel, IN",Carmel,IN,39.977642527877656,-86.18373605823234
St. Peters United Church of Christ,"3106 E Carmel Dr Carmel, IN",Carmel,IN,39.9626954,-86.1114911
Stacco House by Mammamia,"834 W Main St Carmel, IN",Carmel,IN,39.97774576470589,-86.17334588235293
Studio Upgrade,"9860 N Michigan Rd Carmel, IN",Carmel,IN,39.9306553,-86.2323521
Sunrise on the Monon Apartments,"1501 Starcross Ln Carmel, IN",Carmel,IN,39.9315076,-86.1303068
Target Grocery,"10401 N Michigan Rd Carmel, IN ",Carmel,IN ,39.9368158,-86.2327643
The Carrie Holle Group - Compass Real Estate - Sophia Square,"110 W Main St #130 Carmel, IN",Carmel,IN,39.978501,-86.1293201
The Church of Jesus Christ of Latter-day Saints,"11257 Temple Dr Carmel, IN",Carmel,IN,39.953477,-86.165457
The Den by FoxGardin,"351 Monon Blvd Carmel, IN",Carmel,IN,39.975929,-86.1292627
The Fashion Mall at Keystone,"8702 Keystone Crossing Indianapolis, IN",Indianapolis,IN,39.9148932,-86.11139545187991
The Fresh Market,"2490 E 146th St Carmel, IN",Carmel,IN,40.0002191,-86.1182416
The Good Feet Store,"3969 E 82nd St Indianapolis, IN",Indianapolis,IN,39.90802437170302,-86.0991531947791
The Great Frame Up,"21 1st St SW Carmel, IN",Carmel,IN,39.977427500000005,-86.12739083333334
The Restoracy of Carmel,"616 Green House Wy Carmel, IN",Carmel,IN,39.97102894392042,-86.12342273431167
The Sanctuary,"820 E 67th St Indianapolis, IN",Indianapolis,IN,39.877781549999995,-86.14366541781425
The Steadman Apartments at Carmel,"11325 Spring Mill Rd Carmel, IN",Carmel,IN,39.95210347111494,-86.1649714228865
The Village of West Clay,"12884 Broad Street Carmel, IN",Carmel,IN,39.974097,-86.19750402442747
The Vue Luxury Apartments,"718 E Georgia St Indianapolis, IN",Indianapolis,IN,39.76405171428571,-86.14550987755102
The Well in Carmel,"300 S Guilford Rd Carmel, IN",Carmel,IN,39.9748658,-86.14349104702302
Traders Point Christian Church Carmel,"1242 W 136th St Carmel, IN",Carmel,IN,39.9857716,-86.151054
Trinity Baptist Church,"1010 126th St Carmel, IN",Carmel,IN,39.9718746,-86.1114796
Turkle and Associates,"11455 N Meridian St #150 Carmel, IN ",Carmel,IN ,39.953634821562616,-86.15751155245124
Twin Lakes Golf Club,"3200 W 96th St Carmel, IN",Carmel,IN,39.932279699999995,-86.21479098076902
Uptown Café,"2271 Pointe Pkwy Carmel, IN",Carmel,IN,39.9555649,-86.1175737
West Eight Property Group,"38 W Main St Carmel, IN ",Carmel,IN ,39.978649149999995,-86.12809442767292
West Park,"2700 W 116th St Carmel, IN",Carmel,IN,39.95573954316497,-86.20789324107972
Whole Foods Market,"14598 Clay Terrace Blvd Carmel, IN",Carmel,IN,39.999102050000005,-86.13109015483096
Wolfies Grill,"1162 Keystone Wy Carmel, IN",Carmel,IN,39.9606051,-86.115746
Woodhouse Day Spa,"2182 E 116th St Carmel, IN",Carmel,IN,39.95673335714286,-86.11939692857143
Woodland Spring Clubhouse,"3535 E 116th St Carmel, IN",Carmel,IN,39.95653681882571,-86.10358509505552
Woodys Library Restaurant,"40 E Main St Carmel, IN",Carmel,IN,39.97863745,-86.1259628
Zing! Cafe,"12710 Meeting House Rd #150 Carmel, IN",Carmel,IN,39.97172945,-86.1970801
